Budget,Besiroglu_N_Opt,Params,d_model,layers,heads,LR,Cost_Val
1e+13,2.20e+05,98304,64,2,16,0.001,1e+13
1e+13,2.20e+05,98304,64,2,16,0.00316,1e+13
1e+13,2.20e+05,98304,64,2,16,0.01,1e+13
1e+13,2.20e+05,98304,64,2,16,0.0316,1e+13
1e+13,2.20e+05,98304,64,2,16,0.1,1e+13
1e+13,2.20e+05,147456,64,3,16,0.001,1e+13
1e+13,2.20e+05,147456,64,3,16,0.00316,1e+13
1e+13,2.20e+05,147456,64,3,16,0.01,1e+13
1e+13,2.20e+05,147456,64,3,16,0.0316,1e+13
1e+13,2.20e+05,147456,64,3,16,0.1,1e+13
1e+13,2.20e+05,294912,64,6,16,0.001,1e+13
1e+13,2.20e+05,294912,64,6,16,0.00316,1e+13
1e+13,2.20e+05,294912,64,6,16,0.01,1e+13
1e+13,2.20e+05,294912,64,6,16,0.0316,1e+13
1e+13,2.20e+05,294912,64,6,16,0.1,1e+13
1e+13,2.20e+05,552960,96,5,16,0.001,1e+13
1e+13,2.20e+05,552960,96,5,16,0.00316,1e+13
1e+13,2.20e+05,552960,96,5,16,0.01,1e+13
1e+13,2.20e+05,552960,96,5,16,0.0316,1e+13
1e+13,2.20e+05,552960,96,5,16,0.1,1e+13
1e+13,2.20e+05,884736,192,2,16,0.001,1e+13
1e+13,2.20e+05,884736,192,2,16,0.00316,1e+13
1e+13,2.20e+05,884736,192,2,16,0.01,1e+13
1e+13,2.20e+05,884736,192,2,16,0.0316,1e+13
1e+13,2.20e+05,884736,192,2,16,0.1,1e+13
3e+13,3.87e+05,98304,64,2,16,0.001,3e+13
3e+13,3.87e+05,98304,64,2,16,0.00316,3e+13
3e+13,3.87e+05,98304,64,2,16,0.01,3e+13
3e+13,3.87e+05,98304,64,2,16,0.0316,3e+13
3e+13,3.87e+05,98304,64,2,16,0.1,3e+13
3e+13,3.87e+05,147456,64,3,16,0.001,3e+13
3e+13,3.87e+05,147456,64,3,16,0.00316,3e+13
3e+13,3.87e+05,147456,64,3,16,0.01,3e+13
3e+13,3.87e+05,147456,64,3,16,0.0316,3e+13
3e+13,3.87e+05,147456,64,3,16,0.1,3e+13
3e+13,3.87e+05,245760,64,5,16,0.001,3e+13
3e+13,3.87e+05,245760,64,5,16,0.00316,3e+13
3e+13,3.87e+05,245760,64,5,16,0.01,3e+13
3e+13,3.87e+05,245760,64,5,16,0.0316,3e+13
3e+13,3.87e+05,245760,64,5,16,0.1,3e+13
3e+13,3.87e+05,393216,128,2,16,0.001,3e+13
3e+13,3.87e+05,393216,128,2,16,0.00316,3e+13
3e+13,3.87e+05,393216,128,2,16,0.01,3e+13
3e+13,3.87e+05,393216,128,2,16,0.0316,3e+13
3e+13,3.87e+05,393216,128,2,16,0.1,3e+13
3e+13,3.87e+05,614400,160,2,16,0.001,3e+13
3e+13,3.87e+05,614400,160,2,16,0.00316,3e+13
3e+13,3.87e+05,614400,160,2,16,0.01,3e+13
3e+13,3.87e+05,614400,160,2,16,0.0316,3e+13
3e+13,3.87e+05,614400,160,2,16,0.1,3e+13
3e+13,3.87e+05,983040,128,5,16,0.001,3e+13
3e+13,3.87e+05,983040,128,5,16,0.00316,3e+13
3e+13,3.87e+05,983040,128,5,16,0.01,3e+13
3e+13,3.87e+05,983040,128,5,16,0.0316,3e+13
3e+13,3.87e+05,983040,128,5,16,0.1,3e+13
3e+13,3.87e+05,1536000,160,5,16,0.001,3e+13
3e+13,3.87e+05,1536000,160,5,16,0.00316,3e+13
3e+13,3.87e+05,1536000,160,5,16,0.01,3e+13
3e+13,3.87e+05,1536000,160,5,16,0.0316,3e+13
3e+13,3.87e+05,1536000,160,5,16,0.1,3e+13
6e+13,5.52e+05,147456,64,3,16,0.0005,6e+13
6e+13,5.52e+05,147456,64,3,16,0.00158,6e+13
6e+13,5.52e+05,147456,64,3,16,0.005,6e+13
6e+13,5.52e+05,147456,64,3,16,0.0158,6e+13
6e+13,5.52e+05,147456,64,3,16,0.05,6e+13
6e+13,5.52e+05,221184,96,2,16,0.0005,6e+13
6e+13,5.52e+05,221184,96,2,16,0.00158,6e+13
6e+13,5.52e+05,221184,96,2,16,0.005,6e+13
6e+13,5.52e+05,221184,96,2,16,0.0158,6e+13
6e+13,5.52e+05,221184,96,2,16,0.05,6e+13
6e+13,5.52e+05,331776,96,3,16,0.0005,6e+13
6e+13,5.52e+05,331776,96,3,16,0.00158,6e+13
6e+13,5.52e+05,331776,96,3,16,0.005,6e+13
6e+13,5.52e+05,331776,96,3,16,0.0158,6e+13
6e+13,5.52e+05,331776,96,3,16,0.05,6e+13
6e+13,5.52e+05,552960,96,5,16,0.0005,6e+13
6e+13,5.52e+05,552960,96,5,16,0.00158,6e+13
6e+13,5.52e+05,552960,96,5,16,0.005,6e+13
6e+13,5.52e+05,552960,96,5,16,0.0158,6e+13
6e+13,5.52e+05,552960,96,5,16,0.05,6e+13
6e+13,5.52e+05,884736,192,2,16,0.0005,6e+13
6e+13,5.52e+05,884736,192,2,16,0.00158,6e+13
6e+13,5.52e+05,884736,192,2,16,0.005,6e+13
6e+13,5.52e+05,884736,192,2,16,0.0158,6e+13
6e+13,5.52e+05,884736,192,2,16,0.05,6e+13
6e+13,5.52e+05,1376256,128,7,16,0.0005,6e+13
6e+13,5.52e+05,1376256,128,7,16,0.00158,6e+13
6e+13,5.52e+05,1376256,128,7,16,0.005,6e+13
6e+13,5.52e+05,1376256,128,7,16,0.0158,6e+13
6e+13,5.52e+05,1376256,128,7,16,0.05,6e+13
6e+13,5.52e+05,2211840,192,5,16,0.0005,6e+13
6e+13,5.52e+05,2211840,192,5,16,0.00158,6e+13
6e+13,5.52e+05,2211840,192,5,16,0.005,6e+13
6e+13,5.52e+05,2211840,192,5,16,0.0158,6e+13
6e+13,5.52e+05,2211840,192,5,16,0.05,6e+13
1e+14,7.17e+05,221184,96,2,16,0.0005,1e+14
1e+14,7.17e+05,221184,96,2,16,0.00158,1e+14
1e+14,7.17e+05,221184,96,2,16,0.005,1e+14
1e+14,7.17e+05,221184,96,2,16,0.0158,1e+14
1e+14,7.17e+05,221184,96,2,16,0.05,1e+14
1e+14,7.17e+05,331776,96,3,16,0.0005,1e+14
1e+14,7.17e+05,331776,96,3,16,0.00158,1e+14
1e+14,7.17e+05,331776,96,3,16,0.005,1e+14
1e+14,7.17e+05,331776,96,3,16,0.0158,1e+14
1e+14,7.17e+05,331776,96,3,16,0.05,1e+14
1e+14,7.17e+05,442368,96,4,16,0.0005,1e+14
1e+14,7.17e+05,442368,96,4,16,0.00158,1e+14
1e+14,7.17e+05,442368,96,4,16,0.005,1e+14
1e+14,7.17e+05,442368,96,4,16,0.0158,1e+14
1e+14,7.17e+05,442368,96,4,16,0.05,1e+14
1e+14,7.17e+05,774144,96,7,16,0.0005,1e+14
1e+14,7.17e+05,774144,96,7,16,0.00158,1e+14
1e+14,7.17e+05,774144,96,7,16,0.005,1e+14
1e+14,7.17e+05,774144,96,7,16,0.0158,1e+14
1e+14,7.17e+05,774144,96,7,16,0.05,1e+14
1e+14,7.17e+05,1179648,128,6,16,0.0005,1e+14
1e+14,7.17e+05,1179648,128,6,16,0.00158,1e+14
1e+14,7.17e+05,1179648,128,6,16,0.005,1e+14
1e+14,7.17e+05,1179648,128,6,16,0.0158,1e+14
1e+14,7.17e+05,1179648,128,6,16,0.05,1e+14
1e+14,7.17e+05,1572864,256,2,16,0.0005,1e+14
1e+14,7.17e+05,1572864,256,2,16,0.00158,1e+14
1e+14,7.17e+05,1572864,256,2,16,0.005,1e+14
1e+14,7.17e+05,1572864,256,2,16,0.0158,1e+14
1e+14,7.17e+05,1572864,256,2,16,0.05,1e+14
1e+14,7.17e+05,2457600,160,8,16,0.0005,1e+14
1e+14,7.17e+05,2457600,160,8,16,0.00158,1e+14
1e+14,7.17e+05,2457600,160,8,16,0.005,1e+14
1e+14,7.17e+05,2457600,160,8,16,0.0158,1e+14
1e+14,7.17e+05,2457600,160,8,16,0.05,1e+14
3e+14,1.26e+06,393216,128,2,16,0.0005,3e+14
3e+14,1.26e+06,393216,128,2,16,0.00158,3e+14
3e+14,1.26e+06,393216,128,2,16,0.005,3e+14
3e+14,1.26e+06,393216,128,2,16,0.0158,3e+14
3e+14,1.26e+06,393216,128,2,16,0.05,3e+14
3e+14,1.26e+06,552960,96,5,16,0.0005,3e+14
3e+14,1.26e+06,552960,96,5,16,0.00158,3e+14
3e+14,1.26e+06,552960,96,5,16,0.005,3e+14
3e+14,1.26e+06,552960,96,5,16,0.0158,3e+14
3e+14,1.26e+06,552960,96,5,16,0.05,3e+14
3e+14,1.26e+06,884736,192,2,16,0.0005,3e+14
3e+14,1.26e+06,884736,192,2,16,0.00158,3e+14
3e+14,1.26e+06,884736,192,2,16,0.005,3e+14
3e+14,1.26e+06,884736,192,2,16,0.0158,3e+14
3e+14,1.26e+06,884736,192,2,16,0.05,3e+14
3e+14,1.26e+06,1327104,192,3,16,0.0005,3e+14
3e+14,1.26e+06,1327104,192,3,16,0.00158,3e+14
3e+14,1.26e+06,1327104,192,3,16,0.005,3e+14
3e+14,1.26e+06,1327104,192,3,16,0.0158,3e+14
3e+14,1.26e+06,1327104,192,3,16,0.05,3e+14
3e+14,1.26e+06,1966080,128,10,16,0.0005,3e+14
3e+14,1.26e+06,1966080,128,10,16,0.00158,3e+14
3e+14,1.26e+06,1966080,128,10,16,0.005,3e+14
3e+14,1.26e+06,1966080,128,10,16,0.0158,3e+14
3e+14,1.26e+06,1966080,128,10,16,0.05,3e+14
3e+14,1.26e+06,2973696,352,2,16,0.0005,3e+14
3e+14,1.26e+06,2973696,352,2,16,0.00158,3e+14
3e+14,1.26e+06,2973696,352,2,16,0.005,3e+14
3e+14,1.26e+06,2973696,352,2,16,0.0158,3e+14
3e+14,1.26e+06,2973696,352,2,16,0.05,3e+14
3e+14,1.26e+06,4423680,192,10,16,0.0005,3e+14
3e+14,1.26e+06,4423680,192,10,16,0.00158,3e+14
3e+14,1.26e+06,4423680,192,10,16,0.005,3e+14
3e+14,1.26e+06,4423680,192,10,16,0.0158,3e+14
3e+14,1.26e+06,4423680,192,10,16,0.05,3e+14
6e+14,1.80e+06,552960,96,5,16,0.0002,6e+14
6e+14,1.80e+06,552960,96,5,16,0.000632,6e+14
6e+14,1.80e+06,552960,96,5,16,0.002,6e+14
6e+14,1.80e+06,552960,96,5,16,0.00632,6e+14
6e+14,1.80e+06,552960,96,5,16,0.02,6e+14
6e+14,1.80e+06,786432,128,4,16,0.0002,6e+14
6e+14,1.80e+06,786432,128,4,16,0.000632,6e+14
6e+14,1.80e+06,786432,128,4,16,0.002,6e+14
6e+14,1.80e+06,786432,128,4,16,0.00632,6e+14
6e+14,1.80e+06,786432,128,4,16,0.02,6e+14
6e+14,1.80e+06,1228800,160,4,16,0.0002,6e+14
6e+14,1.80e+06,1228800,160,4,16,0.000632,6e+14
6e+14,1.80e+06,1228800,160,4,16,0.002,6e+14
6e+14,1.80e+06,1228800,160,4,16,0.00632,6e+14
6e+14,1.80e+06,1228800,160,4,16,0.02,6e+14
6e+14,1.80e+06,1843200,160,6,16,0.0002,6e+14
6e+14,1.80e+06,1843200,160,6,16,0.000632,6e+14
6e+14,1.80e+06,1843200,160,6,16,0.002,6e+14
6e+14,1.80e+06,1843200,160,6,16,0.00632,6e+14
6e+14,1.80e+06,1843200,160,6,16,0.02,6e+14
6e+14,1.80e+06,2764800,160,9,16,0.0002,6e+14
6e+14,1.80e+06,2764800,160,9,16,0.000632,6e+14
6e+14,1.80e+06,2764800,160,9,16,0.002,6e+14
6e+14,1.80e+06,2764800,160,9,16,0.00632,6e+14
6e+14,1.80e+06,2764800,160,9,16,0.02,6e+14
6e+14,1.80e+06,4214784,224,7,16,0.0002,6e+14
6e+14,1.80e+06,4214784,224,7,16,0.000632,6e+14
6e+14,1.80e+06,4214784,224,7,16,0.002,6e+14
6e+14,1.80e+06,4214784,224,7,16,0.00632,6e+14
6e+14,1.80e+06,4214784,224,7,16,0.02,6e+14
6e+14,1.80e+06,6291456,256,8,16,0.0002,6e+14
6e+14,1.80e+06,6291456,256,8,16,0.000632,6e+14
6e+14,1.80e+06,6291456,256,8,16,0.002,6e+14
6e+14,1.80e+06,6291456,256,8,16,0.00632,6e+14
6e+14,1.80e+06,6291456,256,8,16,0.02,6e+14
1e+15,2.33e+06,921600,160,3,16,0.0002,1e+15
1e+15,2.33e+06,921600,160,3,16,0.000632,1e+15
1e+15,2.33e+06,921600,160,3,16,0.002,1e+15
1e+15,2.33e+06,921600,160,3,16,0.00632,1e+15
1e+15,2.33e+06,921600,160,3,16,0.02,1e+15
1e+15,2.33e+06,1228800,160,4,16,0.0002,1e+15
1e+15,2.33e+06,1228800,160,4,16,0.000632,1e+15
1e+15,2.33e+06,1228800,160,4,16,0.002,1e+15
1e+15,2.33e+06,1228800,160,4,16,0.00632,1e+15
1e+15,2.33e+06,1228800,160,4,16,0.02,1e+15
1e+15,2.33e+06,1769472,128,9,16,0.0002,1e+15
1e+15,2.33e+06,1769472,128,9,16,0.000632,1e+15
1e+15,2.33e+06,1769472,128,9,16,0.002,1e+15
1e+15,2.33e+06,1769472,128,9,16,0.00632,1e+15
1e+15,2.33e+06,1769472,128,9,16,0.02,1e+15
1e+15,2.33e+06,2359296,256,3,16,0.0002,1e+15
1e+15,2.33e+06,2359296,256,3,16,0.000632,1e+15
1e+15,2.33e+06,2359296,256,3,16,0.002,1e+15
1e+15,2.33e+06,2359296,256,3,16,0.00632,1e+15
1e+15,2.33e+06,2359296,256,3,16,0.02,1e+15
1e+15,2.33e+06,3145728,256,4,16,0.0002,1e+15
1e+15,2.33e+06,3145728,256,4,16,0.000632,1e+15
1e+15,2.33e+06,3145728,256,4,16,0.002,1e+15
1e+15,2.33e+06,3145728,256,4,16,0.00632,1e+15
1e+15,2.33e+06,3145728,256,4,16,0.02,1e+15
1e+15,2.33e+06,4300800,160,14,16,0.0002,1e+15
1e+15,2.33e+06,4300800,160,14,16,0.000632,1e+15
1e+15,2.33e+06,4300800,160,14,16,0.002,1e+15
1e+15,2.33e+06,4300800,160,14,16,0.00632,1e+15
1e+15,2.33e+06,4300800,160,14,16,0.02,1e+15
1e+15,2.33e+06,5750784,192,13,16,0.0002,1e+15
1e+15,2.33e+06,5750784,192,13,16,0.000632,1e+15
1e+15,2.33e+06,5750784,192,13,16,0.002,1e+15
1e+15,2.33e+06,5750784,192,13,16,0.00632,1e+15
1e+15,2.33e+06,5750784,192,13,16,0.02,1e+15
3e+15,4.10e+06,1572864,256,2,16,0.0002,3e+15
3e+15,4.10e+06,1572864,256,2,16,0.000632,3e+15
3e+15,4.10e+06,1572864,256,2,16,0.002,3e+15
3e+15,4.10e+06,1572864,256,2,16,0.00632,3e+15
3e+15,4.10e+06,1572864,256,2,16,0.02,3e+15
3e+15,4.10e+06,2211840,192,5,16,0.0002,3e+15
3e+15,4.10e+06,2211840,192,5,16,0.000632,3e+15
3e+15,4.10e+06,2211840,192,5,16,0.002,3e+15
3e+15,4.10e+06,2211840,192,5,16,0.00632,3e+15
3e+15,4.10e+06,2211840,192,5,16,0.02,3e+15
3e+15,4.10e+06,3010560,224,5,16,0.0002,3e+15
3e+15,4.10e+06,3010560,224,5,16,0.000632,3e+15
3e+15,4.10e+06,3010560,224,5,16,0.002,3e+15
3e+15,4.10e+06,3010560,224,5,16,0.00632,3e+15
3e+15,4.10e+06,3010560,224,5,16,0.02,3e+15
3e+15,4.10e+06,3993600,160,13,16,0.0002,3e+15
3e+15,4.10e+06,3993600,160,13,16,0.000632,3e+15
3e+15,4.10e+06,3993600,160,13,16,0.002,3e+15
3e+15,4.10e+06,3993600,160,13,16,0.00632,3e+15
3e+15,4.10e+06,3993600,160,13,16,0.02,3e+15
3e+15,4.10e+06,5505024,256,7,16,0.0002,3e+15
3e+15,4.10e+06,5505024,256,7,16,0.000632,3e+15
3e+15,4.10e+06,5505024,256,7,16,0.002,3e+15
3e+15,4.10e+06,5505024,256,7,16,0.00632,3e+15
3e+15,4.10e+06,5505024,256,7,16,0.02,3e+15
3e+15,4.10e+06,7520256,192,17,16,0.0002,3e+15
3e+15,4.10e+06,7520256,192,17,16,0.000632,3e+15
3e+15,4.10e+06,7520256,192,17,16,0.002,3e+15
3e+15,4.10e+06,7520256,192,17,16,0.00632,3e+15
3e+15,4.10e+06,7520256,192,17,16,0.02,3e+15
3e+15,4.10e+06,10235904,224,17,16,0.0002,3e+15
3e+15,4.10e+06,10235904,224,17,16,0.000632,3e+15
3e+15,4.10e+06,10235904,224,17,16,0.002,3e+15
3e+15,4.10e+06,10235904,224,17,16,0.00632,3e+15
3e+15,4.10e+06,10235904,224,17,16,0.02,3e+15
6e+15,5.85e+06,2359296,256,3,16,0.000258,6e+15
6e+15,5.85e+06,2359296,256,3,16,0.000517,6e+15
6e+15,5.85e+06,2359296,256,3,16,0.00103,6e+15
6e+15,5.85e+06,2359296,256,3,16,0.00207,6e+15
6e+15,5.85e+06,2359296,256,3,16,0.00414,6e+15
6e+15,5.85e+06,3145728,256,4,16,0.000258,6e+15
6e+15,5.85e+06,3145728,256,4,16,0.000517,6e+15
6e+15,5.85e+06,3145728,256,4,16,0.00103,6e+15
6e+15,5.85e+06,3145728,256,4,16,0.00207,6e+15
6e+15,5.85e+06,3145728,256,4,16,0.00414,6e+15
6e+15,5.85e+06,4300800,160,14,16,0.000258,6e+15
6e+15,5.85e+06,4300800,160,14,16,0.000517,6e+15
6e+15,5.85e+06,4300800,160,14,16,0.00103,6e+15
6e+15,5.85e+06,4300800,160,14,16,0.00207,6e+15
6e+15,5.85e+06,4300800,160,14,16,0.00414,6e+15
6e+15,5.85e+06,5750784,192,13,16,0.000258,6e+15
6e+15,5.85e+06,5750784,192,13,16,0.000517,6e+15
6e+15,5.85e+06,5750784,192,13,16,0.00103,6e+15
6e+15,5.85e+06,5750784,192,13,16,0.00207,6e+15
6e+15,5.85e+06,5750784,192,13,16,0.00414,6e+15
6e+15,5.85e+06,7962624,192,18,16,0.000258,6e+15
6e+15,5.85e+06,7962624,192,18,16,0.000517,6e+15
6e+15,5.85e+06,7962624,192,18,16,0.00103,6e+15
6e+15,5.85e+06,7962624,192,18,16,0.00207,6e+15
6e+15,5.85e+06,7962624,192,18,16,0.00414,6e+15
6e+15,5.85e+06,10838016,224,18,16,0.000258,6e+15
6e+15,5.85e+06,10838016,224,18,16,0.000517,6e+15
6e+15,5.85e+06,10838016,224,18,16,0.00103,6e+15
6e+15,5.85e+06,10838016,224,18,16,0.00207,6e+15
6e+15,5.85e+06,10838016,224,18,16,0.00414,6e+15
6e+15,5.85e+06,14536704,416,7,16,0.000258,6e+15
6e+15,5.85e+06,14536704,416,7,16,0.000517,6e+15
6e+15,5.85e+06,14536704,416,7,16,0.00103,6e+15
6e+15,5.85e+06,14536704,416,7,16,0.00207,6e+15
6e+15,5.85e+06,14536704,416,7,16,0.00414,6e+15
1e+16,7.60e+06,3686400,160,12,16,0.000453,1e+16
1e+16,7.60e+06,3686400,160,12,16,0.000907,1e+16
1e+16,7.60e+06,3686400,160,12,16,0.00181,1e+16
1e+16,7.60e+06,4976640,288,5,16,0.000453,1e+16
1e+16,7.60e+06,4976640,288,5,16,0.000907,1e+16
1e+16,7.60e+06,4976640,288,5,16,0.00181,1e+16
1e+16,7.60e+06,6623232,224,11,16,0.000453,1e+16
1e+16,7.60e+06,6623232,224,11,16,0.000907,1e+16
1e+16,7.60e+06,6623232,224,11,16,0.00181,1e+16
1e+16,7.60e+06,8650752,256,11,16,0.000453,1e+16
1e+16,7.60e+06,8650752,256,11,16,0.000907,1e+16
1e+16,7.60e+06,8650752,256,11,16,0.00181,1e+16
1e+16,7.60e+06,11440128,224,19,16,0.000453,1e+16
1e+16,7.60e+06,11440128,224,19,16,0.000907,1e+16
1e+16,7.60e+06,11440128,224,19,16,0.00181,1e+16
1e+16,7.60e+06,14942208,256,19,16,0.000453,1e+16
1e+16,7.60e+06,14942208,256,19,16,0.000907,1e+16
1e+16,7.60e+06,14942208,256,19,16,0.00181,1e+16
3e+16,1.33e+07,7962624,192,18,16,0.000342,3e+16
3e+16,1.33e+07,7962624,192,18,16,0.00137,3e+16
3e+16,1.33e+07,10616832,384,6,16,0.000342,3e+16
3e+16,1.33e+07,10616832,384,6,16,0.00137,3e+16
3e+16,1.33e+07,13824000,480,5,16,0.000342,3e+16
3e+16,1.33e+07,13824000,480,5,16,0.00137,3e+16
3e+16,1.33e+07,18087936,256,23,16,0.000342,3e+16
3e+16,1.33e+07,18087936,256,23,16,0.00137,3e+16
3e+16,1.33e+07,24084480,448,10,16,0.000342,3e+16
3e+16,1.33e+07,24084480,448,10,16,0.00137,3e+16
6e+16,1.90e+07,11440128,224,19,16,0.000286,6e+16
6e+16,1.90e+07,11440128,224,19,16,0.00115,6e+16
6e+16,1.90e+07,14942208,256,19,16,0.000286,6e+16
6e+16,1.90e+07,14942208,256,19,16,0.00115,6e+16
6e+16,1.90e+07,19906560,576,5,16,0.000286,6e+16
6e+16,1.90e+07,19906560,576,5,16,0.00115,6e+16
6e+16,1.90e+07,26001408,736,4,16,0.000286,6e+16
6e+16,1.90e+07,26001408,736,4,16,0.00115,6e+16
6e+16,1.90e+07,34197504,352,23,16,0.000286,6e+16
6e+16,1.90e+07,34197504,352,23,16,0.00115,6e+16
1e+17,2.47e+07,17301504,256,22,16,0.000503,1e+17
1e+17,2.47e+07,20901888,288,21,16,0.000503,1e+17
1e+17,2.47e+07,25276416,352,17,16,0.000503,1e+17
1e+17,2.47e+07,30720000,800,4,16,0.000503,1e+17
1e+17,2.47e+07,37158912,384,21,16,0.000503,1e+17